{"stats":{"minecraft:mined":{"minecraft:short_grass":1},"minecraft:custom":{"minecraft:jump":85,"minecraft:time_since_rest":12858,"minecraft:damage_dealt":158,"minecraft:crouch_one_cm":659,"minecraft:leave_game":1,"minecraft:sprint_one_cm":11592,"minecraft:play_time":12858,"minecraft:damage_taken":232,"minecraft:time_since_death":12858,"minecraft:walk_one_cm":5528,"minecraft:sneak_time":117,"minecraft:total_world_time":12858,"minecraft:fall_one_cm":2587,"minecraft:fly_one_cm":15900}},"DataVersion":3700}